ld831.song.id,File.Name,SessionDate,Location,Bird,Rel.Start,Rel.end,BG.start,BG.end,distance
PR__ABLA.005_01950,PR__ABLA.005,4/27/20,ABLA,AB3_20,19.8,21.5,22,25,8
PR__ABLA.005_02750,PR__ABLA.005,4/27/20,ABLA,AB3_20,28,29.5,30,32,8
PR__ABLA.005_03750,PR__ABLA.005,4/27/20,ABLA,AB3_20,37.9,39.5,34,37,8
PR__ABLA.005_04700,PR__ABLA.005,4/27/20,ABLA,AB3_20,47.3,49,43,47,8
PR__ABLA.005_05550,PR__ABLA.005,4/27/20,ABLA,AB3_20,55.85,57.55,58,61,8
PR__ABLA.010_00650,PR__ABLA.010,4/27/20,ABLA,AB5_20,6.6,8.8,0,6,14
PR__ABLA.010_01950,PR__ABLA.010,4/27/20,ABLA,AB5_20,19.6,21.7,23,32,14
PR__ABLA.010_03250,PR__ABLA.010,4/27/20,ABLA,AB5_20,32.7,34.9,30,32,14
PR__ABLA.010_04250,PR__ABLA.010,4/27/20,ABLA,AB5_20,42.7,44.9,48,53,14
PR__ABLA.016_04100,PR__ABLA.016,4/27/20,ABLA,AB9_20,41.2,42.75,34,40,9
PR__ABLA.016_04750,PR__ABLA.016,4/27/20,ABLA,AB9_20,48,49.55,34,40,9
PR__ABLA.016_05600,PR__ABLA.016,4/27/20,ABLA,AB9_20,56.2,57.8,34,40,9
PR__ABLA.016_06350,PR__ABLA.016,4/27/20,ABLA,AB9_20,63.7,65.2,34,40,9
PR__ABLA.016_06900,PR__ABLA.016,4/27/20,ABLA,AB9_20,69.1,71,34,40,9
PR__ABLA.016_08750,PR__ABLA.016,4/27/20,ABLA,AB9_20,87.95,89.4,34,40,9
PR__ABLA.016_11100,PR__ABLA.016,4/27/20,ABLA,AB9_20,111.1,112.9,90,96,9
PR__ABLA.016_12100,PR__ABLA.016,4/27/20,ABLA,AB9_20,122.5,124.2,90,96,9
PR__ABLA.048_00750,PR__ABLA.048,4/29/20,COMW,COMW10_20,8,10.1,13,18,20
PR__ABLA.048_01850,PR__ABLA.048,4/29/20,COMW,COMW10_20,18.6,20.9,1,4,20
PR__ABLA.048_03300,PR__ABLA.048,4/29/20,COMW,COMW10_20,33.5,35.7,13,18,20
PR__ABLA.048_04500,PR__ABLA.048,4/29/20,COMW,COMW10_20,45.3,47.4,13,18,20
PR__ABLA.048_05800,PR__ABLA.048,4/29/20,COMW,COMW10_20,58.1,60.25,13,18,20
PR__COMW.004_06000,PR__COMW.004,4/26/20,COMW,COMW4_20,60.15,62.2,0,42,8
PR__COMW.004_07650,PR__COMW.004,4/26/20,COMW,COMW4_20,76.9,79,0,42,8
PR__COMW.004_09250,PR__COMW.004,4/26/20,COMW,COMW4_20,92.5,94.6,110,122,8
PR__COMW.004_10600,PR__COMW.004,4/26/20,COMW,COMW4_20,106.2,108.3,110,122,8
PR__COMW.004_12350,PR__COMW.004,4/26/20,COMW,COMW4_20,123.8,125.9,110,122,8
PR__COMW.004_14150,PR__COMW.004,4/26/20,COMW,COMW4_20,141.6,143.7,110,122,8
PR__COMW.004_15650,PR__COMW.004,4/26/20,COMW,COMW4_20,156.8,158.9,0,42,8
PR__COMW.004_17550,PR__COMW.004,4/26/20,COMW,COMW4_20,175.7,177.8,0,42,8
PR__COMW.004_19150,PR__COMW.004,4/26/20,COMW,COMW4_20,191.6,193.7,0,42,8
PR__COMW.007_01250,PR__COMW.007,4/26/20,COMW,COMW5_20,12.6,14.7,16,32,9
PR__COMW.007_03350,PR__COMW.007,4/26/20,COMW,COMW5_20,33.95,36.1,16,32,9
PR__COMW.007_04700,PR__COMW.007,4/26/20,COMW,COMW5_20,47.4,49.5,16,32,9
PR__COMW.007_06750,PR__COMW.007,4/26/20,COMW,COMW5_20,67.7,69.75,16,32,9
PR__COMW.007_08950,PR__COMW.007,4/26/20,COMW,COMW5_20,89.8,91.9,16,32,9
PR__COMW.007_10900,PR__COMW.007,4/26/20,COMW,COMW5_20,109.1,110.9,16,32,9
PR__COMW.015_00250,PR__COMW.015,4/26/20,COMW,COMW9_20,2.7,4.6,7,11,13
PR__COMW.015_01150,PR__COMW.015,4/26/20,COMW,COMW9_20,11.8,13,7,11,13
PR__COMW.015_01750,PR__COMW.015,4/26/20,COMW,COMW9_20,17.65,19.55,7,11,13
PR__COMW.015_02450,PR__COMW.015,4/26/20,COMW,COMW9_20,24.6,26.5,7,11,13
PR__COMW.015_03300,PR__COMW.015,4/26/20,COMW,COMW9_20,33.2,35.4,7,11,13
PR__COMW.015_04100,PR__COMW.015,4/26/20,COMW,COMW9_20,41.1,43.2,7,11,13
PR__COMW.015_05000,PR__COMW.015,4/26/20,COMW,COMW9_20,50.2,51.9,7,11,13
PR__COMW.015_05650,PR__COMW.015,4/26/20,COMW,COMW9_20,56.9,58.9,7,11,13
PR__COMW.015_06450,PR__COMW.015,4/26/20,COMW,COMW9_20,64.6,66.6,7,11,13
PR__COMW.015_07150,PR__COMW.015,4/26/20,COMW,COMW9_20,71.7,73.75,7,11,13
PR__COMW.018_00650,PR__COMW.018,4/28/20,COMW,COMW11_20,6.9,8.75,2,6,9
PR__COMW.019_00350,PR__COMW.019,4/28/20,COMW,COMW11_20,3.6,5.5,43,46,14
PR__COMW.019_01350,PR__COMW.019,4/28/20,COMW,COMW11_20,13.7,15.7,24,29,14
PR__COMW.019_02900,PR__COMW.019,4/28/20,COMW,COMW11_20,29.3,31.4,43,46,14
PR__COMW.019_03800,PR__COMW.019,4/28/20,COMW,COMW11_20,38.4,40.5,43,46,14
PR__COMW.019_05500,PR__COMW.019,4/28/20,COMW,COMW11_20,55.2,57.4,43,46,14
SF__BE__.050_00150,SF__BE__.050,4/22/20,FWSC,FS4_20,1.9,3.9,5,10,5
SF__BE__.050_02350,SF__BE__.050,4/22/20,FWSC,FS4_20,23.9,25.5,26.5,30,5
SF__BE__.050_03350,SF__BE__.050,4/22/20,FWSC,FS4_20,33.9,36.2,5,10,5
SF__BE__.100_00350,SF__BE__.100,4/23/20,FWSC,FS12_20,3.9,5.7,6.5,16,6
SF__BE__.100_01650,SF__BE__.100,4/23/20,FWSC,FS12_20,16.7,18.6,6.5,16,6
SF__BE__.100_02650,SF__BE__.100,4/23/20,FWSC,FS12_20,26.7,28.8,30,39,6
SF__BE__.100_04050,SF__BE__.100,4/23/20,FWSC,FS12_20,40.6,42.7,6.5,16,6
SF__BE__.027_00200,SF__BE__.027,4/22/20,BATW,BW3_20,2.15,4,5,16,3
SF__BE__.027_01600,SF__BE__.027,4/22/20,BATW,BW3_20,16.5,18,5,16,3
SF__BE__.027_02850,SF__BE__.027,4/22/20,BATW,BW3_20,28.5,30.05,5,16,3
SF__BE__.027_03550,SF__BE__.027,4/22/20,BATW,BW3_20,35.85,37.65,5,16,3
SF__BE__.027_04300,SF__BE__.027,4/22/20,BATW,BW3_20,43.4,45.4,5,16,3
SF__BE__.026_00900,SF__BE__.026,4/22/20,BATW,BW3_20,9.5,10.95,44,48,3
SF__BE__.026_01600,SF__BE__.026,4/22/20,BATW,BW3_20,16.5,18,44,48,3
SF__BE__.026_02200,SF__BE__.026,4/22/20,BATW,BW3_20,22.65,24,44,48,3
SF__BE__.026_03000,SF__BE__.026,4/22/20,BATW,BW3_20,30.3,32,44,48,3
SF__BE__.026_04100,SF__BE__.026,4/22/20,BATW,BW3_20,41.2,42.95,44,48,3
SF__BE__.026_04900,SF__BE__.026,4/22/20,BATW,BW3_20,49.6,51.3,44,48,3
SF__BE__.030_01700,SF__BE__.030,4/22/20,BATW,BW4A_20,17.3,19.1,20,24,7
SF__BE__.030_07300,SF__BE__.030,4/22/20,BATW,BW4A_20,73.7,75.5,68,73,7
SF__BE__.032_04700,SF__BE__.032,4/22/20,BATW,BW5_20,47.6,50.1,30.5,31.65,7
SF__BE__.056_00000,SF__BE__.056,4/22/20,BATW,BW8_20,0,2,3,5.5,5
SF__BE__.056_00550,SF__BE__.056,4/22/20,BATW,BW8_20,6.1,7.95,3,5.5,5
SF__BE__.056_01200,SF__BE__.056,4/22/20,BATW,BW8_20,12.45,14.6,8.5,12,5
SF__BE__.022_00940,SF__BE__.022,4/22/20,BATW,BW2_20,9.4,11.4,12,14.5,14
SF__BE__.022_01450,SF__BE__.022,4/22/20,BATW,BW2_20,14.7,16.7,12,14.5,14
SF__BE__.022_04200,SF__BE__.022,4/22/20,BATW,BW2_20,42.2,44.2,45,48,14
SF__BE__.055_00220,SF__BE__.055,4/22/20,BATW,BW8_20,2.4,4.4,8,10,13
SF__LD__.008_00570,SF__LD__.008,4/23/20,LODU,LD3_20,5.9,6.8,9,20,13
SF__LD__.008_02070,SF__LD__.008,4/23/20,LODU,LD3_20,20.7,23,9,20,13
SF__LD__.008_03270,SF__LD__.008,4/23/20,LODU,LD3_20,32.7,34.8,24,32,13
SF__LD__.008_04590,SF__LD__.008,4/23/20,LODU,LD3_20,46,48.1,24,32,13
SF__LD__.008_05750,SF__LD__.008,4/23/20,LODU,LD3_20,57.7,59.8,24,32,13
SF__LD__.008_07100,SF__LD__.008,4/23/20,LODU,LD3_20,71.2,73.4,9,20,13
SF__LD__.008_08350,SF__LD__.008,4/23/20,LODU,LD3_20,83.7,85.7,9,20,13
SF__LD__.008_09650,SF__LD__.008,4/23/20,LODU,LD3_20,96.7,98.7,9,20,13
831_Data.127_21910,831_Data.127,6/11/15,COMW,COMW_Ubfence_15,216.9,219.1,190,203,7.5
831_Data.134_01620,831_Data.134,6/11/15,COMW,COMW_UBA_15,14.1,16.2,25,34,21
831_Data.134_03680,831_Data.134,6/11/15,COMW,COMW_UBA_15,34.5,36.8,25,34,21
831_Data.134_13810,831_Data.134,6/11/15,COMW,COMW_UBA_15,136,138.1,127,135,21
831_Data.136_02550,831_Data.136,6/11/15,COMW,COMW_UBB_15,23.4,25.5,51,58.6,19
831_Data.137_07770,831_Data.137,6/11/15,COMW,COMW_UBB_15,75.8,77.7,49,52,12.5
831_Data.138_17160,831_Data.138,6/11/15,COMW,COMW_UBA_15,169.4,171.6,172,178,6
831_Data.139_01070,831_Data.139,6/11/15,COMW,COMW_UB1_15,9.4,10.7,39,48,20
831_Data.139_05040,831_Data.139,6/11/15,COMW,COMW_UB1_15,48.2,50.4,39,48,20
831_Data.140_01540,831_Data.140,6/11/15,COMW,COMW_UB2_15,13.5,15.4,16,24,21
831_Data.140_02590,831_Data.140,6/11/15,COMW,COMW_UB2_15,24.1,25.9,16,24,21
831_Data.145_04950,831_Data.145,6/11/15,ABLA,AB_side_of_road_15,47.4,49.5,24,29,14
831_Data.149_08170,831_Data.149,6/11/15,ABLA,AB_BR_KS,79.5,81.7,40,52,10
831_Data.150_11930,831_Data.150,6/11/15,ABLA,AB_GOO_S,117.4,119.3,120,126,13
831_Data.151_10650,831_Data.151,6/11/15,ABLA,AB_KK_BS,104.6,106.5,123,136,11
831_Data.151_15480,831_Data.151,6/11/15,ABLA,AB_KK_BS,153.3,154.8,123,136,11
831_Data.155_01380,831_Data.155,6/11/15,ABLA,AB_GOO_S,11.8,13.8,15,40,11.5
831_Data.161_01990,831_Data.161,6/12/15,ABLA,AB_GGW_S,17.9,19.9,33,38,14
831_Data.161_03080,831_Data.161,6/12/15,ABLA,AB_GGW_S,28.8,30.8,33,38,14
831_Data.161_13240,831_Data.161,6/12/15,ABLA,AB_GGW_S,130.3,132.4,134,148,10
831_Data.164_28710,831_Data.164,6/12/15,ABLA,AB_RYR_S,284.9,287.1,16,20,12
831_Data.166_02260,831_Data.166,6/12/15,ABLA,AB_GOO_S,20.3,22.6,23,30,16
831_Data.166_05070,831_Data.166,6/12/15,ABLA,AB_GOO_S,48.9,50.7,23,30,16
831_Data.170_08740,831_Data.170,6/12/15,ABLA,AB_GOO_S,85.4,87.4,75,84,16.5
831_Data.170_16460,831_Data.170,6/12/15,ABLA,AB_GOO_S,162.5,164.6,192,201,16.5
831_Data.170_17700,831_Data.170,6/12/15,ABLA,AB_GOO_S,174.8,177,192,201,16.5
831_Data.170_20620,831_Data.170,6/12/15,ABLA,AB_GOO_S,204.2,206.2,192,201,16.5
831_Data.185_00760,831_Data.185,6/18/15,BABE,BABE_UBD_15,6.1,7.6,20,26,11.5
831_Data.200_39430,831_Data.200,6/19/15,LAEN,LAEN_UBE_15,392.3,394.3,338,352,12.5
831_Data.202_03340,831_Data.202,6/19/15,LAEN,LAEN_UBF_15,31,33.4,19,26.5,7
831_Data.205_45460,831_Data.205,6/19/15,LAEN,LAEN_UBG_15,452.3,454.6,409,419,14.5
831_Data.208_25880,831_Data.208,6/19/15,LAEN,LAEN_UBH_15,256.8,258.8,214,221,4
831_Data.214_86610,831_Data.214,6/19/15,LAEN,LAEN_UBI_15,864,866.1,858,863,8
PR__ABLA.031_00450,PR__ABLA.031,4/27/20,ABLA,AB14_20,4.95,7.3,68,77,13
PR__ABLA.031_01900,PR__ABLA.031,4/27/20,ABLA,AB14_20,19.5,21.6,68,77,13
PR__ABLA.031_03450,PR__ABLA.031,4/27/20,ABLA,AB14_20,35,37.1,68,77,13
PR__ABLA.031_05000,PR__ABLA.031,4/27/20,ABLA,AB14_20,50.5,52.6,68,77,13
PR__ABLA.031_06400,PR__ABLA.031,4/27/20,ABLA,AB14_20,64.15,66.5,68,77,13
PR__ABLA.031_07750,PR__ABLA.031,4/27/20,ABLA,AB14_20,77.8,79.9,68,77,13
PR__ABLA.031_09150,PR__ABLA.031,4/27/20,ABLA,AB14_20,91.6,94,68,77,13
PR__ABLA.031_10050,PR__ABLA.031,4/27/20,ABLA,AB14_20,106.5,109,68,77,13
PR__ABLA.031_13900,PR__ABLA.031,4/27/20,ABLA,AB14_20,139.3,141.5,128,138,13
PR__ABLA.045_00150,PR__ABLA.045,4/28/20,ABLA,AB20_20,1.9,4.3,62,68,6
PR__ABLA.045_01250,PR__ABLA.045,4/28/20,ABLA,AB20_20,12.7,15,62,68,6
PR__ABLA.045_02000,PR__ABLA.045,4/28/20,ABLA,AB20_20,20.2,22.7,24,38,6
PR__ABLA.045_03900,PR__ABLA.045,4/28/20,ABLA,AB20_20,39.15,41.2,24,38,6
PR__ABLA.045_04950,PR__ABLA.045,4/28/20,ABLA,AB20_20,49.8,51.4,41.49,49.7,6
PR__ABLA.045_05900,PR__ABLA.045,4/28/20,ABLA,AB20_20,59.5,61.4,62,68,6
PR__ABLA.045_06900,PR__ABLA.045,4/28/20,ABLA,AB20_20,69.4,71.3,62,68,6
PR__ABLA.045_07800,PR__ABLA.045,4/28/20,ABLA,AB20_20,78.6,80.6,24,38,6
PR__ABLA.045_08990,PR__ABLA.045,4/28/20,ABLA,AB20_20,90,92,23.08,38.84,6
PR__ABLA.045_10350,PR__ABLA.045,4/28/20,ABLA,AB20_20,103.8,105.8,24,38,6
PR__COMW.006_00590,PR__COMW.006,4/26/20,COMW,COMW5_20,6,8,14,18,20
PR__COMW.006_02450,PR__COMW.006,4/26/20,COMW,COMW5_20,24.5,26.5,9,14,20
SF__BE__.021_01000,SF__BE__.021,4/22/20,BATW,BW2_20,10.1,11.7,16,18,12
SF__BE__.039_01900,SF__BE__.039,4/22/20,FWSC,FS1_20,19,21.3,34,42,14
SF__BE__.039_03050,SF__BE__.039,4/22/20,FWSC,FS1_20,30.7,33,34,42,14
SF__BE__.044_00400,SF__BE__.044,4/22/20,FWSC,FS2_20,4.2,6,7,17,14
SF__BE__.044_02450,SF__BE__.044,4/22/20,FWSC,FS2_20,24.4,26.5,7,17,14
SF__BE__.051_00450,SF__BE__.051,4/22/20,FWSC,FS4_20,4.7,6.9,18,21,7
SF__BE__.051_02150,SF__BE__.051,4/22/20,FWSC,FS4_20,21.65,23.6,18,21,7
SF__LD__.012_00700,SF__LD__.012,4/23/20,LODU,LD5_20,7.15,9,5.66,7.09,17
PR__LIMA.006_01540,PR__LIMA.006,4/27/20,LIMA,LIMA5_20,15.39,17.44,10.41,13.41,11
PR__LIMA.006_02219,PR__LIMA.006,4/27/20,LIMA,LIMA5_20,22.56,24.39,25.5,28.5,11
PR__LIMA.009_00305,PR__LIMA.009,4/27/20,LIMA,LIMA7_20,3.09,5.22,5.53,13.17,11
PR__LIMA.009_01367,PR__LIMA.009,4/27/20,LIMA,LIMA7_20,13.6,15.75,6.6,12.85,11
PR__LIMA.009_02439,PR__LIMA.009,4/27/20,LIMA,LIMA7_20,24.37,26.53,15.92,23.73,11
PR__LIMA.009_03633,PR__LIMA.009,4/27/20,LIMA,LIMA7_20,36.34,38.17,26.75,35.54,11
SF__BE__.087_01581,SF__BE__.087,4/23/20,FWSC,FS5_20,16.04,18.51,18.51,19.75,7
SF__BE__.091_01351,SF__BE__.091,4/23/20,FWSC,FS7_20,13.58,15.9,10.3,13.35,5
SF__BE__.092_01071,SF__BE__.092,4/23/20,FWSC,FS7_20,10.85,13.12,15.77,18.46,5
SF__BE__.018_07790,SF__BE__.018,4/22/20,BATW,BW1_20,78.05,80.6,73.91,77.89,5
SF__BE__.018_13101,SF__BE__.018,4/22/20,BATW,BW1_20,131.08,133.62,133.72,137.39,5
SF__BE__.019_01423,SF__BE__.019,4/22/20,BATW,BW1_20,14.37,16.52,11.15,14.36,5
SF__BE__.019_00305,SF__BE__.019,4/22/20,BATW,BW1_20,3.47,5.61,17.14,20.38,5
SF__BE__.025_01642,SF__BE__.025,4/22/20,BATW,BW3_20,16.31,18.08,4.11,6.67,2
SF__BE__.025_01137,SF__BE__.025,4/22/20,BATW,BW3_20,11.41,13.15,8.85,11.39,2
SF__BE__.025_00667,SF__BE__.025,4/22/20,BATW,BW3_20,6.64,8.89,8.81,11.29,2
SF__BE__.025_00152,SF__BE__.025,4/22/20,BATW,BW3_20,1.49,3.09,3.15,5.26,2
SF__BE__.035_02194,SF__BE__.035,4/22/20,BATW,BW6_20,22.56,24.61,13.02,14.44,5
SF__BE__.006_04598,SF__BE__.006,4/22/20,BATE,BE2_20,45.91,47.43,32.18,40.17,5
SF__BE__.006_05956,SF__BE__.006,4/22/20,BATE,BE2_20,59.49,60.9,56.92,58.46,5
SF__BE__.006_05262,SF__BE__.006,4/22/20,BATE,BE2_20,52.63,54.02,48.02,52.47,5
SF__BE__.006_04036,SF__BE__.006,4/22/20,BATE,BE2_20,40.44,41.82,31.9,40.42,5
SF__BE__.006_03010,SF__BE__.006,4/22/20,BATE,BE2_20,30.14,31.63,0,0,5
SF__BE__.006_02183,SF__BE__.006,4/22/20,BATE,BE2_20,21.8,23.34,0,0,5
SF__BE__.006_09470,SF__BE__.006,4/22/20,BATE,BE2_20,94.64,96.02,89.97,94.22,5
SF__BE__.006_08827,SF__BE__.006,4/22/20,BATE,BE2_20,88.2,89.66,0,0,5
SF__BE__.006_08056,SF__BE__.006,4/22/20,BATE,BE2_20,80.5,81.9,69.51,71.09,5
SF__BE__.007_00820,SF__BE__.007,4/22/20,BATE,BE2_20,8.27,10.27,10.44,13.08,5
SF__BE__.009_01106,SF__BE__.009,4/22/20,BATE,BE2_20,11.1,13.14,6.74,7.68,5
SF__BE__.009_00136,SF__BE__.009,4/22/20,BATE,BE2_20,1.52,3.43,0,0,5
SF__BE__.012_04526,SF__BE__.012,4/22/20,BATE,BE_YS_GY,45.18,46.84,0,0,5
SF__BE__.012_03215,SF__BE__.012,4/22/20,BATE,BE_YS_GY,32.17,33.61,33.87,35.61,5
SF__BE__.015_00759,SF__BE__.015,4/22/20,BATE,BE_BRIDGE_20,7.59,9.14,9.59,13.37,8
SF__BE__.015_04338,SF__BE__.015,4/22/20,BATE,BE_BRIDGE_20,43.42,45.26,45.56,50.73,8
SF__BE__.015_01795,SF__BE__.015,4/22/20,BATE,BE_BRIDGE_20,17.88,19.25,12.8,16.57,8
SF__BE__.015_00769,SF__BE__.015,4/22/20,BATE,BE_BRIDGE_20,7.64,9.14,5.86,7.12,8
SF__BE__.059_03521,SF__BE__.059,4/22/20,BATE,BE4_20,35.16,37.44,16.46,23.18,9
SF__BE__.059_02382,SF__BE__.059,4/22/20,BATE,BE4_20,23.76,26.1,16.09,23.45,9
SF__BE__.059_01356,SF__BE__.059,4/22/20,BATE,BE4_20,13.47,15.68,5.52,12.11,9
SF__BE__.059_00182,SF__BE__.059,4/22/20,BATE,BE4_20,1.84,4.33,4.49,8.8,9
SF__BE__.061_04659,SF__BE__.061,4/22/20,BATE,BE1_20,46.67,48.96,39.09,46.06,5
SF__BE__.061_03592,SF__BE__.061,4/22/20,BATE,BE1_20,36.1,38.42,20.02,25.71,5
SF__BE__.061_02648,SF__BE__.061,4/22/20,BATE,BE1_20,26.52,28.79,18.77,26.16,5
SF__BE__.061_01632,SF__BE__.061,4/22/20,BATE,BE1_20,16.43,18.65,1.66,6.47,5
SF__BE__.061_00790,SF__BE__.061,4/22/20,BATE,BE1_20,8,10.26,0.15,7.44,5
SF__BE__.065_02097,SF__BE__.065,4/22/20,BATE,BE5_20,21.13,23.31,0.1,4.45,5
SF__BE__.065_01086,SF__BE__.065,4/22/20,BATE,BE5_20,11.02,13.19,3.21,10.6,5
SF__BE__.065_03756,SF__BE__.065,4/22/20,BATE,BE5_20,37.66,39.93,25.13,37.21,5
SF__BE__.065_06024,SF__BE__.065,4/22/20,BATE,BE5_20,60.38,62.56,40.95,58.89,5
SF__BE__.068_01550,SF__BE__.068,4/22/20,BATE,BE6_20,15.67,17.75,4.68,15.38,5
SF__BE__.068_02531,SF__BE__.068,4/22/20,BATE,BE6_20,25.58,27.58,5.03,15,5
SF__BE__.068_00233,SF__BE__.068,4/22/20,BATE,BE6_20,2.42,4.67,4.91,14.6,5
SF__BE__.070_02770,SF__BE__.070,4/22/20,BATE,BE7_20,27.86,29.62,22.86,27.58,7
SF__BE__.070_03955,SF__BE__.070,4/22/20,BATE,BE7_20,39.56,41.46,37.97,39.41,7
SF__BE__.070_05119,SF__BE__.070,4/22/20,BATE,BE7_20,51.05,52.65,22.91,27.65,7
SF__BE__.070_00647,SF__BE__.070,4/22/20,BATE,BE7_20,6.73,8.54,4.41,6.66,7
SF__BE__.072_01571,SF__BE__.072,4/22/20,BATE,BE7_20,15.81,17.73,5.12,15.68,4
SF__BE__.072_00295,SF__BE__.072,4/22/20,BATE,BE7_20,3.07,5.09,0.33,3,4
SF__BE__.073_03174,SF__BE__.073,4/22/20,BATE,BE7_20,31.86,33.8,22.95,28.53,2
SF__BE__.073_01760,SF__BE__.073,4/22/20,BATE,BE7_20,17.62,19.65,11.18,14.8,2
SF__BE__.073_00565,SF__BE__.073,4/22/20,BATE,BE7_20,5.76,7.39,3.51,5.69,2
SF__BE__.074_00504,SF__BE__.074,4/22/20,BATE,BE7_20,5.21,7.41,2.49,5.16,5
SF__BE__.080_00029,SF__BE__.080,4/23/20,BATE,BE9_20,0.36,2.49,0,0,5
SF__BE__.080_01081,SF__BE__.080,4/23/20,BATE,BE9_20,10.89,13.1,3.52,9.71,5
SF__BE__.080_02286,SF__BE__.080,4/23/20,BATE,BE9_20,22.95,25.2,13.14,22.74,5
SF__BE__.080_03409,SF__BE__.080,4/23/20,BATE,BE9_20,34.2,36.43,25.27,33.82,5
SF__BE__.080_04623,SF__BE__.080,4/23/20,BATE,BE9_20,46.36,48.5,36.39,46.31,5
SF__BE__.083_00126,SF__BE__.083,4/23/20,BATE,BE10_20,1.44,3.44,3.51,7.01,7
SF__BE__.083_01510,SF__BE__.083,4/23/20,BATE,BE10_20,15.16,17.15,11.96,15.2,7
SF__LM__.005_00596,SF__LM__.005,4/22/20,BATE,BE1_20,6.07,8.61,8.65,13.19,9
SF__LM__.007_12637,SF__LM__.007,4/22/20,BATE,BE1_20,126.47,128.91,92.69,100.56,9
SF__LD__.005_01775,SF__LD__.005,4/23/20,LODU,LD2_20,17.88,20.3,5.61,10.44,6
SF__LD__.005_01014,SF__LD__.005,4/23/20,LODU,LD2_20,10.52,13.02,5.5,10.4,6
SF__LD__.005_00279,SF__LD__.005,4/23/20,LODU,LD2_20,3.19,5.36,5.44,9.87,6
SF__LD__.010_01137,SF__LD__.010,4/23/20,LODU,LD4_20,11.36,13.77,4.33,10.42,6
SF__LD__.016_01780,SF__LD__.016,4/23/20,LODU,LD6_20,17.66,19.5,13.9,17.59,2
SF__LD__.016_02326,SF__LD__.016,4/23/20,LODU,LD6_20,23.33,25.3,19.48,23.3,2
SF__LD__.016_00601,SF__LD__.016,4/23/20,LODU,LD6_20,6.02,8.01,2.8,5.93,2
SF__LD__.016_00101,SF__LD__.016,4/23/20,LODU,LD6_20,0.97,2.9,7.95,11.78,2
SF__LD__.017_00698,SF__LD__.017,4/23/20,LODU,LD6_20,7.01,8.61,1.34,6.75,2
SF__LD__.018_03664,SF__LD__.018,4/23/20,LODU,LD6_20,36.62,38.57,30.62,36.57,2
SF__LD__.018_04389,SF__LD__.018,4/23/20,LODU,LD6_20,43.89,45.67,38.54,43.71,2
SF__LD__.018_05042,SF__LD__.018,4/23/20,LODU,LD6_20,50.29,52.17,45.58,50.12,2
SF__LD__.018_05864,SF__LD__.018,4/23/20,LODU,LD6_20,58.65,60.61,52.49,58.43,2
SF__LD__.018_01826,SF__LD__.018,4/23/20,LODU,LD6_20,18.26,19.83,13.09,17.55,2
SF__LD__.018_00412,SF__LD__.018,4/23/20,LODU,LD6_20,4.19,5.78,0.07,4.1,2
SF__LD__.018_08010,SF__LD__.018,4/23/20,LODU,LD6_20,80.19,81.75,67.87,72.91,2
SF__LD__.018_07280,SF__LD__.018,4/23/20,LODU,LD6_20,72.88,74.81,74.98,79.97,2
SF__LD__.018_06555,SF__LD__.018,4/23/20,LODU,LD6_20,65.54,67.54,67.75,70.8,2
SF__LD__.020_00968,SF__LD__.020,4/23/20,LODU,LD7_20,9.74,11.74,5.62,9.36,4
SF__LD__.020_00172,SF__LD__.020,4/23/20,LODU,LD7_20,1.77,3.73,5.71,9.7,4
SF__LD__.021_00320,SF__LD__.021,4/23/20,LODU,LD7_20,3.27,4.93,5.23,9.86,4
SF__LD__.021_01632,SF__LD__.021,4/23/20,LODU,LD7_20,16.34,18.35,5.33,15.21,4
SF__LD__.024_00616,SF__LD__.024,4/23/20,LODU,LD8_20,6.18,8.09,0.17,3.25,7
SF__LD__.025_01101,SF__LD__.025,4/23/20,LODU,LD8_20,10.96,13.55,13.67,18.91,7
SF__LD__.029_01433,SF__LD__.029,4/23/20,LODU,LD10_20,14.29,16.95,5.87,13.92,12
SF__LD__.029_00295,SF__LD__.029,4/23/20,LODU,LD10_20,2.94,5.51,7.56,10.13,12
SF__LD__.030_01367,SF__LD__.030,4/23/20,LODU,LD10_20,13.72,16.3,16.46,21.62,12
SF__LD__.030_00376,SF__LD__.030,4/23/20,LODU,LD10_20,3.75,6.21,0,3.68,12
SF__LD__.031_01127,SF__LD__.031,4/23/20,LODU,LD10_20,11.3,13.9,5.53,11.31,12
SF__LD__.031_00305,SF__LD__.031,4/23/20,LODU,LD10_20,3,5.62,0.62,2.98,12
SF__LD__.031_02250,SF__LD__.031,4/23/20,LODU,LD10_20,22.43,24.62,13.91,22.34,12
SF__LD__.033_01040,SF__LD__.033,4/23/20,LODU,LD11_20,10.46,13.25,9.1,10.4,13
SF__RICH.001_00851,SF__RICH.001,4/25/20,RICH,RICH2_20,8.67,10.76,3.82,8.57,11
SF__RICH.002_00683,SF__RICH.002,4/25/20,RICH,RICH2_20,6.9,8.92,2.04,6.82,12
SF__RICH.002_01596,SF__RICH.002,4/25/20,RICH,RICH2_20,16.01,18.1,9.16,11.3,12
SF__RICH.002_02913,SF__RICH.002,4/25/20,RICH,RICH2_20,29.26,31.42,18.26,25.51,12
SF__RICH.002_04118,SF__RICH.002,4/25/20,RICH,RICH2_20,41.13,43.29,31.84,35.45,12
SF__RICH.002_05272,SF__RICH.002,4/25/20,RICH,RICH2_20,52.88,55.09,43.68,47.11,12
SF__RICH.002_06366,SF__RICH.002,4/25/20,RICH,RICH2_20,63.87,66.04,55.25,62.78,12
SF__RICH.003_00096,SF__RICH.003,4/25/20,RICH,RICH2_20,1.05,3.19,3.34,9.48,11
SF__RICH.003_01280,SF__RICH.003,4/25/20,RICH,RICH2_20,12.87,15.05,3.38,9.22,11
SF__RICH.004_00060,SF__RICH.004,4/25/20,RICH,RICH2_20,0.67,2.83,2.85,11.61,6
SF__RICH.004_01168,SF__RICH.004,4/25/20,RICH,RICH2_20,11.66,13.83,3.04,11.41,6
SF__RICH.004_02173,SF__RICH.004,4/25/20,RICH,RICH2_20,21.8,23.96,2.92,11.28,6
SF__RICH.004_03368,SF__RICH.004,4/25/20,RICH,RICH2_20,33.65,35.77,3.59,11.37,6
SF__RICH.004_04450,SF__RICH.004,4/25/20,RICH,RICH2_20,44.51,46.63,16.79,20.43,6
SF__RICH.007_00473,SF__RICH.007,4/25/20,RICH,RICH_YM_YS,4.73,6.77,2.13,4.64,6
SF__RICH.014_00917,SF__RICH.014,4/25/20,RICH,RICH6_20,9.18,11.32,1.88,9.06,10
SF__RICH.015_00642,SF__RICH.015,4/25/20,RICH,RICH7_20,6.45,8.11,3.73,6.4,7
SF__RICH.015_01571,SF__RICH.015,4/25/20,RICH,RICH7_20,15.64,17.53,8.04,12.28,7
SF__RICH.015_01969,SF__RICH.015,4/25/20,RICH,RICH7_20,19.63,21.52,8.37,12.26,7
SF__RICH.015_02827,SF__RICH.015,4/25/20,RICH,RICH7_20,28.2,30.16,25.9,27.22,7
SF__RICH.015_03393,SF__RICH.015,4/25/20,RICH,RICH7_20,34.02,36.02,30.05,32.15,7
SF__RICH.015_04011,SF__RICH.015,4/25/20,RICH,RICH7_20,40.25,42.3,36.58,39.63,7
SF__RICH.017_00162,SF__RICH.017,4/25/20,RICH,RICH8_20,1.67,3.81,7.15,8.73,5
SF__RICH.017_00866,SF__RICH.017,4/25/20,RICH,RICH8_20,8.64,10.73,7.01,8.74,5
SF__RICH.017_02168,SF__RICH.017,4/25/20,RICH,RICH8_20,21.67,23.82,18.52,21.74,5
SF__RICH.017_02730,SF__RICH.017,4/25/20,RICH,RICH8_20,27.32,29.4,23.76,27.39,5
SF__RICH.017_03261,SF__RICH.017,4/25/20,RICH,RICH8_20,32.67,34.91,29.41,32.72,5
SF__RICH.017_03945,SF__RICH.017,4/25/20,RICH,RICH8_20,39.53,41.6,34.79,39.59,5
SF__RICH.017_04583,SF__RICH.017,4/25/20,RICH,RICH8_20,45.77,47.91,23.92,27.24,5
SF__RICH.020_00157,SF__RICH.020,4/25/20,RICH,RICH_WS_Ylb,1.59,3.47,3.56,8.53,3
SF__RICH.020_00882,SF__RICH.020,4/25/20,RICH,RICH_WS_Ylb,8.92,10.88,4.09,8.87,3
SF__RICH.021_00330,SF__RICH.021,4/25/20,RICH,RICH_WS_Ylb,3.36,5.23,0.06,3.31,4
SF__RICH.021_01295,SF__RICH.021,4/25/20,RICH,RICH_WS_Ylb,12.94,14.91,5.44,12.88,4
SF__RICH.021_02362,SF__RICH.021,4/25/20,RICH,RICH_WS_Ylb,23.57,25.45,14.88,23.46,4
SF__RICH.021_03531,SF__RICH.021,4/25/20,RICH,RICH_WS_Ylb,35.24,36.69,25.73,35.15,4
SF__RICH.021_04435,SF__RICH.021,4/25/20,RICH,RICH_WS_Ylb,44.32,46.13,37.06,44.38,4
SF__RICH.021_05476,SF__RICH.021,4/25/20,RICH,RICH_WS_Ylb,54.76,56.59,46.18,54.68,4
SF__RICH.023_00001,SF__RICH.023,4/25/20,RICH,RICH11_20,-0.14,2.13,2.2,7.18,11
SF__RICH.027_00744,SF__RICH.027,4/25/20,RICH,RICH12_20,7.48,9.14,0.1,6.57,5
SF__RICH.027_01474,SF__RICH.027,4/25/20,RICH,RICH12_20,14.85,16.65,9.02,14.77,5
SF__RICH.027_02393,SF__RICH.027,4/25/20,RICH,RICH12_20,24.04,25.66,16.6,23.92,5
SF__RICH.027_03077,SF__RICH.027,4/25/20,RICH,RICH12_20,30.86,32.56,25.57,30.82,5
SF__RICH.027_03735,SF__RICH.027,4/25/20,RICH,RICH12_20,37.41,39.22,25.65,30.92,5
SF__LM__.011_00001,SF__LM__.011,4/24/20,LAME,LM5_20,-0.11,1.77,4.03,6.05,5
SF__LM__.011_01668,SF__LM__.011,4/24/20,LAME,LM5_20,16.74,18.89,10.7,16.67,5
SF__LM__.017_00024,SF__LM__.017,4/24/20,LAME,LM6_20,0.18,2.95,3,5.02,9
SF__LM__.017_01157,SF__LM__.017,4/24/20,LAME,LM6_20,11.65,14.23,14.27,15.33,9
SF__LM__.019_00001,SF__LM__.019,4/24/20,LAME,LM2_20,-0.18,1.58,1.94,6.49,6
SF__LM__.019_01709,SF__LM__.019,4/24/20,LAME,LM2_20,17.08,19.17,8.43,13.23,6
SF__LM__.019_03592,SF__LM__.019,4/24/20,LAME,LM2_20,35.92,38.25,20.31,35.4,6
SF__LM__.019_05695,SF__LM__.019,4/24/20,LAME,LM2_20,56.78,59.02,20.26,35.74,6
SF__LM__.019_07316,SF__LM__.019,4/24/20,LAME,LM2_20,73.14,75.59,78.12,79.44,6
SF__LM__.021_00142,SF__LM__.021,4/24/20,LAME,LM3_20,1.44,3.93,4.02,9,10
SF__LM__.021_01795,SF__LM__.021,4/24/20,LAME,LM3_20,17.92,20.42,5.17,12.6,10
SF__LM__.025_00642,SF__LM__.025,4/24/20,LAME,LM8_20,6.44,8.9,8.91,11.48,8
SF__LM__.025_02117,SF__LM__.025,4/24/20,LAME,LM8_20,21.12,23.35,23.38,26.27,8
SF__LM__.025_06269,SF__LM__.025,4/24/20,LAME,LM8_20,62.87,65.38,56.48,62.8,8
SF__LM__.027_00790,SF__LM__.027,4/24/20,LAME,LM4_20,8.01,10.17,10.22,12.47,5
SF__LM__.027_01275,SF__LM__.027,4/24/20,LAME,LM4_20,12.76,15.02,15.05,16.87,5
SF__LM__.027_01760,SF__LM__.027,4/24/20,LAME,LM4_20,17.69,19.7,11.71,12.7,5
SF__LM__.027_02245,SF__LM__.027,4/24/20,LAME,LM4_20,22.46,24.75,25.68,28.4,5
SF__LM__.027_02862,SF__LM__.027,4/24/20,LAME,LM4_20,28.53,30.78,26.7,28.19,5
SF__LM__.027_03485,SF__LM__.027,4/24/20,LAME,LM4_20,34.84,36.99,30.75,33,5
SF__LM__.027_04052,SF__LM__.027,4/24/20,LAME,LM4_20,40.54,42.84,42.93,44.54,5
SF__LM__.027_05027,SF__LM__.027,4/24/20,LAME,LM4_20,50.28,52.56,47.71,49.95,5
SF__LM__.027_06606,SF__LM__.027,4/24/20,LAME,LM4_20,66.06,68.33,68.38,70.62,5
SF__LM__.027_07127,SF__LM__.027,4/24/20,LAME,LM4_20,71.29,73.83,74.08,76.93,5
SF__LM__.027_07688,SF__LM__.027,4/24/20,LAME,LM4_20,76.95,79.29,79.36,81.91,5
SF__LM__.027_08214,SF__LM__.027,4/24/20,LAME,LM4_20,82.07,84.35,79.21,81.95,5
SF__LM__.027_08786,SF__LM__.027,4/24/20,LAME,LM4_20,87.82,90.12,84.36,87.77,5
SF__LM__.027_09327,SF__LM__.027,4/24/20,LAME,LM4_20,93.11,95.38,96.51,98.55,5
SF__LM__.027_09878,SF__LM__.027,4/24/20,LAME,LM4_20,98.8,101.16,101.25,102.64,5
SF__LM__.027_10465,SF__LM__.027,4/24/20,LAME,LM4_20,104.51,106.91,101.19,104.39,5
SF__LM__.027_11083,SF__LM__.027,4/24/20,LAME,LM4_20,110.97,113.38,109.22,110.89,5
SF__LM__.027_11682,SF__LM__.027,4/24/20,LAME,LM4_20,116.77,119.03,116.07,116.76,5
SF__LM__.032_00039,SF__LM__.032,4/24/20,LAME,LM9_20,0.34,2.65,2.77,3.48,5
SF__LM__.033_00325,SF__LM__.033,4/24/20,LAME,LM9_20,3.31,5.92,9.59,10.97,11
SF__LM__.033_01943,SF__LM__.033,4/24/20,LAME,LM9_20,19.38,22.1,18.21,19.33,11
SF__LM__.033_02857,SF__LM__.033,4/24/20,LAME,LM9_20,28.5,31,22.38,28.25,11
SF__LM__.035_00963,SF__LM__.035,4/24/20,LAME,LM10_20,9.77,11.55,3.63,9.56,9
SF__LM__.035_02005,SF__LM__.035,4/24/20,LAME,LM10_20,20,22.51,12.32,13.91,9
SF__LM__.035_03225,SF__LM__.035,4/24/20,LAME,LM10_20,32.21,34.42,34.56,37.9,9
SF__LM__.035_04082,SF__LM__.035,4/24/20,LAME,LM10_20,40.85,42.99,25.57,28.04,9
SF__LM__.035_04868,SF__LM__.035,4/24/20,LAME,LM10_20,48.76,50.66,44.95,48.13,9
SF__LM__.035_05721,SF__LM__.035,4/24/20,LAME,LM10_20,57.18,59.74,53.77,55.97,9
SF__LM__.035_06805,SF__LM__.035,4/24/20,LAME,LM10_20,68.09,70.83,71.04,75.76,9
SF__LM__.035_07923,SF__LM__.035,4/24/20,LAME,LM10_20,79.15,81.64,83.44,87.39,9
SF__LM__.035_09031,SF__LM__.035,4/24/20,LAME,LM10_20,90.4,92.9,93.13,98.33,9
SF__LM__.035_10113,SF__LM__.035,4/24/20,LAME,LM10_20,101.17,103.92,103.97,112.33,9
SF__LM__.035_11236,SF__LM__.035,4/24/20,LAME,LM10_20,112.39,115.15,104.15,112.3,9
SF__LM__.035_13494,SF__LM__.035,4/24/20,LAME,LM10_20,134.78,137.12,127.75,134.6,9
SF__LM__.035_14903,SF__LM__.035,4/24/20,LAME,LM10_20,148.8,151,138.25,144.73,9
SF__LM__.038_00540,SF__LM__.038,4/24/20,LAME,LM11_20,5.36,7.8,7.88,10.33,9
SF__LM__.039_00315,SF__LM__.039,4/24/20,LAME,LM11_20,3.18,5.71,0.29,3.22,9
SF__LM__.039_02296,SF__LM__.039,4/24/20,LAME,LM11_20,22.91,25.55,16.42,19.17,9
SF__LM__.039_04307,SF__LM__.039,4/24/20,LAME,LM11_20,43,45.58,40.56,42.86,9
SF__LM__.039_06203,SF__LM__.039,4/24/20,LAME,LM11_20,62.05,64.58,64.92,69.75,9
SF__LM__.039_08020,SF__LM__.039,4/24/20,LAME,LM11_20,80.17,82.77,64.67,77.05,9
SF__LM__.039_12494,SF__LM__.039,4/24/20,LAME,LM11_20,124.97,127.53,69.03,75.33,9
SF__LM__.040_00070,SF__LM__.040,4/24/20,LAME,LM11_20,0.74,3.21,4.64,7.34,9
SF__LM__.040_01729,SF__LM__.040,4/24/20,LAME,LM11_20,17.24,19.81,20.02,24.03,9
SF__LM__.040_03148,SF__LM__.040,4/24/20,LAME,LM11_20,31.54,34.14,37.62,43.14,9
SF__LM__.040_04639,SF__LM__.040,4/24/20,LAME,LM11_20,46.46,49.08,37.74,46.29,9
SF__LM__.042_00136,SF__LM__.042,4/24/20,LAME,LM12_20,1.31,3.31,0.27,1.37,7
SF__LM__.042_01060,SF__LM__.042,4/24/20,LAME,LM12_20,10.71,12.61,12.62,14,7
SF__LM__.042_01760,SF__LM__.042,4/24/20,LAME,LM12_20,17.52,19.72,19.76,23.77,7
SF__LM__.042_02648,SF__LM__.042,4/24/20,LAME,LM12_20,26.48,28.46,19.63,23.78,7
SF__LM__.042_03592,SF__LM__.042,4/24/20,LAME,LM12_20,35.9,38.09,38.12,41.49,7
SF__LM__.042_04460,SF__LM__.042,4/24/20,LAME,LM12_20,44.69,46.87,31.54,34.51,7
SF__LM__.042_05614,SF__LM__.042,4/24/20,LAME,LM12_20,56.07,58.32,58.52,60.67,7
SF__LM__.042_06239,SF__LM__.042,4/24/20,LAME,LM12_20,62.85,64.99,58.45,60.48,7
SF__LM__.042_07244,SF__LM__.042,4/24/20,LAME,LM12_20,72.47,74.74,74.98,80.58,7
SF__LM__.042_08056,SF__LM__.042,4/24/20,LAME,LM12_20,80.58,82.77,64.97,70.16,7
SF__LM__.042_09010,SF__LM__.042,4/24/20,LAME,LM12_20,89.95,92.24,84.29,89.84,7
SF__LM__.042_09950,SF__LM__.042,4/24/20,LAME,LM12_20,99.39,101.58,31.47,32.81,7
SF__LM__.042_10935,SF__LM__.042,4/24/20,LAME,LM12_20,109.34,111.58,115.08,117.39,7
SF__LM__.042_11884,SF__LM__.042,4/24/20,LAME,LM12_20,118.89,121.14,132.35,136.25,7
SF__LM__.042_12917,SF__LM__.042,4/24/20,LAME,LM12_20,129.19,131.21,92.83,93.98,7
SF__LM__.042_14097,SF__LM__.042,4/24/20,LAME,LM12_20,140.89,142.84,123.6,127.7,7
SF__LM__.051_00785,SF__LM__.051,4/24/20,LAME,LM14_20,7.91,9.48,14.29,15.6,5
SF__LM__.051_02582,SF__LM__.051,4/24/20,LAME,LM14_20,25.7,27.38,22.02,25.38,5
SF__LM__.051_03929,SF__LM__.051,4/24/20,LAME,LM14_20,39.32,41.3,37.1,39.35,5
SF__LM__.051_05609,SF__LM__.051,4/24/20,LAME,LM14_20,56.05,57.98,60.56,63.03,5
SF__LM__.051_06938,SF__LM__.051,4/24/20,LAME,LM14_20,69.36,70.91,63.85,69.13,5
SF__LM__.051_09883,SF__LM__.051,4/24/20,LAME,LM14_20,98.76,100.33,97.22,98.83,5
SF__LM__.051_11410,SF__LM__.051,4/24/20,LAME,LM14_20,114.05,115.43,115.6,120.17,5
SF__LM__.053_03378,SF__LM__.053,4/24/20,LAME,LM15_20,33.69,35.4,31.58,33.07,6
SF__LM__.053_01795,SF__LM__.053,4/24/20,LAME,LM15_20,18.19,19.68,32.18,33.7,6
SF__LM__.053_04516,SF__LM__.053,4/24/20,LAME,LM15_20,45.13,46.31,39.8,44.74,6
SF__LM__.053_08418,SF__LM__.053,4/24/20,LAME,LM15_20,84.28,85.78,86.81,87.97,6
SF__LM__.055_00820,SF__LM__.055,4/24/20,LAME,LM16_20,8.44,10.38,6.47,8.35,6
SF__LM__.056_01254,SF__LM__.056,4/24/20,LAME,LM16_20,12.57,14.46,3.24,5.14,6
SF__LM__.056_01877,SF__LM__.056,4/24/20,LAME,LM16_20,18.76,20.81,8.16,12.67,6
SF__LM__.056_04802,SF__LM__.056,4/24/20,LAME,LM16_20,48.34,49.93,27.36,29.62,6
SF__LM__.056_05711,SF__LM__.056,4/24/20,LAME,LM16_20,57,58.56,44.96,47.32,6
SF__LM__.056_06356,SF__LM__.056,4/24/20,LAME,LM16_20,63.6,65.48,61.15,62.96,6
SF__LM__.056_07035,SF__LM__.056,4/24/20,LAME,LM16_20,70.29,72.18,66.11,70.17,6
SF__LM__.056_07847,SF__LM__.056,4/24/20,LAME,LM16_20,78.46,80.4,72.33,78.13,6
SF__LM__.056_10077,SF__LM__.056,4/24/20,LAME,LM16_20,100.77,102.8,97.9,100.4,6
SF__LM__.057_00147,SF__LM__.057,4/24/20,LAME,LM16_20,1.56,3.6,3.64,5.16,6
SF__LM__.057_00872,SF__LM__.057,4/24/20,LAME,LM16_20,8.84,10.87,6.04,8.83,6
SF__LM__.057_01688,SF__LM__.057,4/24/20,LAME,LM16_20,16.8,18.92,26.49,30.9,6
SF__LM__.057_02444,SF__LM__.057,4/24/20,LAME,LM16_20,24.42,26.45,13.75,16.57,6
SF__LM__.057_03199,SF__LM__.057,4/24/20,LAME,LM16_20,31.95,33.98,26.92,31.81,6
SF__LM__.057_03960,SF__LM__.057,4/24/20,LAME,LM16_20,39.44,41.53,13.29,16.52,6
SF__LM__.061_02173,SF__LM__.061,4/24/20,LAME,LM18_20,21.54,24.52,17.42,21.09,5
SF__LM__.061_03118,SF__LM__.061,4/24/20,LAME,LM18_20,31.59,34.19,24.65,31.13,5
SF__LM__.062_00591,SF__LM__.062,4/24/20,LAME,LM18_20,6.28,8.72,3.15,6,5
PR__COMW.002_00601,PR__COMW.002,4/26/20,COMW,COMW3_20,6.07,8,2.51,6.01,16
PR__COMW.002_01734,PR__COMW.002,4/26/20,COMW,COMW3_20,17.36,19.39,11.71,17.12,16
PR__COMW.025_00565,PR__COMW.025,4/28/20,COMW,COMW12_20,5.68,8.07,8.16,10.22,9
PR__COMW.025_01775,PR__COMW.025,4/28/20,COMW,COMW12_20,17.88,20.32,10.94,17.46,9
PR__COMW.025_05241,PR__COMW.025,4/28/20,COMW,COMW12_20,52.37,54.75,41.04,51.58,9
PR__COMW.025_03398,PR__COMW.025,4/28/20,COMW,COMW12_20,34.09,36.5,21.23,29.78,9
PR__COMW.025_10654,PR__COMW.025,4/28/20,COMW,COMW12_20,106.56,109.12,73.8,93.85,9
PR__COMW.025_09414,PR__COMW.025,4/28/20,COMW,COMW12_20,94.12,96.49,87.45,93.5,9
PR__COMW.025_07132,PR__COMW.025,4/28/20,COMW,COMW12_20,71.27,73.65,73.91,80.6,9
PR__COMW.028_01887,PR__COMW.028,4/28/20,COMW,COMW13_20,18.87,21.2,8.46,18.78,8
PR__COMW.028_00601,PR__COMW.028,4/28/20,COMW,COMW13_20,6.04,8.37,3.13,5.96,8
PR__COMW.030_01300,PR__COMW.030,4/28/20,COMW,COMW13_20,13.04,15.34,9.24,13,9
PR__COMW.032_00070,PR__COMW.032,4/28/20,COMW,COMW14_20,0.94,2.9,2.99,7.79,8
PR__COMW.040_05333,PR__COMW.040,4/28/20,COMW,COMW16_20,53.29,55.14,48.71,53.26,23
PR__COMW.040_04358,PR__COMW.040,4/28/20,COMW,COMW16_20,43.51,45.56,48.66,51.77,23
PR__COMW.040_01510,PR__COMW.040,4/28/20,COMW,COMW16_20,15.1,16.64,12.79,14.97,23
PR__COMW.040_02209,PR__COMW.040,4/28/20,COMW,COMW16_20,22.04,23.99,37.82,43.55,23
PR__COMW.040_02954,PR__COMW.040,4/28/20,COMW,COMW16_20,29.51,31.57,26.4,28.04,23
PR__COMW.040_03613,PR__COMW.040,4/28/20,COMW,COMW16_20,36.22,38.02,33.76,36.03,23
PR__COMW.040_06131,PR__COMW.040,4/28/20,COMW,COMW16_20,61.37,63.36,37.97,43.5,23
PR__COMW.040_06974,PR__COMW.040,4/28/20,COMW,COMW16_20,69.72,71.35,57.01,59.64,23
PR__COMW.040_08479,PR__COMW.040,4/28/20,COMW,COMW16_20,84.81,86.89,71.27,77.55,23
PR__COMW.040_09567,PR__COMW.040,4/28/20,COMW,COMW16_20,95.7,97.77,86.83,95.55,23
PR__COMW.040_11241,PR__COMW.040,4/28/20,COMW,COMW16_20,112.57,114.79,106.2,112.46,23
PR__COMW.040_12096,PR__COMW.040,4/28/20,COMW,COMW16_20,121.03,123.1,106.21,112.56,23
PR__COMW.040_13055,PR__COMW.040,4/28/20,COMW,COMW16_20,130.57,132.71,115.94,121.01,23
PR__COMW.041_00999,PR__COMW.041,4/28/20,COMW,COMW16_20,10,12.22,12.29,15.41,19
PR__COMW.046_05512,PR__COMW.046,4/28/20,COMW,COMW19_20,55.15,57.1,44.99,48.36,14
PR__COMW.046_10414,PR__COMW.046,4/28/20,COMW,COMW19_20,104.21,106.24,93.41,96.3,14
PR__COMW.047_05200,PR__COMW.047,4/28/20,COMW,COMW19_20,51.98,54.15,54.28,60.57,20
PR__COMW.047_02592,PR__COMW.047,4/28/20,COMW,COMW19_20,25.98,28.18,1.8,11.8,20
PR__COMW.047_03848,PR__COMW.047,4/28/20,COMW,COMW19_20,38.44,40.66,31.31,32.3,20
PR__COMW.047_01178,PR__COMW.047,4/28/20,COMW,COMW19_20,11.87,14.08,6.79,8.8,20
PR__COMW.047_00001,PR__COMW.047,4/28/20,COMW,COMW19_20,-0.13,1.82,1.85,5.95,20
PR__COMW.047_06596,PR__COMW.047,4/28/20,COMW,COMW19_20,65.95,68.05,54.93,60.24,20
PR__ABLA.007_00274,PR__ABLA.007,4/27/20,ABLA,AB4_20,2.78,5.32,2.01,2.77,16
PR__ABLA.008_00387,PR__ABLA.008,4/27/20,ABLA,AB4_20,3.9,6.24,1,2.71,16
PR__ABLA.014_00723,PR__ABLA.014,4/27/20,ABLA,AB8_20,7.26,9.12,4.49,7.19,9
PR__ABLA.014_01397,PR__ABLA.014,4/27/20,ABLA,AB8_20,13.93,15.63,9.24,13.86,9
PR__ABLA.019_00693,PR__ABLA.019,4/27/20,ABLA,AB10_20,7.02,9.12,0.23,6.77,6
PR__ABLA.021_00121,PR__ABLA.021,4/27/20,ABLA,AB10_20,1.23,3.1,3.15,8.21,10
PR__ABLA.026_00381,PR__ABLA.026,4/27/20,ABLA,AB11_20,3.76,5.88,5.99,10.67,18
PR__ABLA.026_01060,PR__ABLA.026,4/27/20,ABLA,AB11_20,10.66,12.8,5.81,10.57,18
PR__ABLA.026_01724,PR__ABLA.026,4/27/20,ABLA,AB11_20,17.69,19.83,5.97,10.66,18
PR__ABLA.026_02735,PR__ABLA.026,4/27/20,ABLA,AB11_20,27.32,29.43,20.19,25.08,18
PR__ABLA.026_03516,PR__ABLA.026,4/27/20,ABLA,AB11_20,35.18,37.3,29.36,35.08,18
PR__ABLA.026_04521,PR__ABLA.026,4/27/20,ABLA,AB11_20,45.28,47.42,29.85,35.12,18
PR__ABLA.026_05154,PR__ABLA.026,4/27/20,ABLA,AB11_20,51.64,53.77,47.37,51.59,18
PR__ABLA.026_05889,PR__ABLA.026,4/27/20,ABLA,AB11_20,59.04,61.13,61.18,65.99,18
PR__ABLA.026_06586,PR__ABLA.026,4/27/20,ABLA,AB11_20,65.96,68.08,61.08,65.59,18
PR__ABLA.026_07402,PR__ABLA.026,4/27/20,ABLA,AB11_20,74.12,76.25,76.32,78.92,18
PR__ABLA.027_01382,PR__ABLA.027,4/27/20,ABLA,AB_KGO_S,13.91,16.04,2.35,7.12,5
PR__ABLA.027_02949,PR__ABLA.027,4/27/20,ABLA,AB_KGO_S,29.53,31.67,24.87,29.42,5
PR__ABLA.027_02280,PR__ABLA.027,4/27/20,ABLA,AB_KGO_S,22.8,24.83,16.02,19.97,5
PR__ABLA.027_03705,PR__ABLA.027,4/27/20,ABLA,AB_KGO_S,37.06,39.19,33.04,36.91,5
PR__ABLA.027_04578,PR__ABLA.027,4/27/20,ABLA,AB_KGO_S,45.69,47.81,33.43,36.86,5
PR__ABLA.027_00739,PR__ABLA.027,4/27/20,ABLA,AB_KGO_S,7.45,9.05,2.11,6.27,5
PR__ABLA.034_01566,PR__ABLA.034,4/27/20,ABLA,AB15_20,15.67,17.46,6.97,15.6,5
PR__ABLA.041_00131,PR__ABLA.041,4/28/20,ABLA,AB18_20,1.37,3.63,3.66,5.19,9
PR__ABLA.041_01081,PR__ABLA.041,4/28/20,ABLA,AB18_20,10.92,13.32,5.11,10.78,9
PR__ABLA.041_02158,PR__ABLA.041,4/28/20,ABLA,AB18_20,21.56,24.04,19,21.49,9
PR__ABLA.041_03235,PR__ABLA.041,4/28/20,ABLA,AB18_20,32.31,34.81,24.08,32.13,9
PR__ABLA.041_04327,PR__ABLA.041,4/28/20,ABLA,AB18_20,43.24,45.69,3.81,5.54,9
PR__ABLA.041_05430,PR__ABLA.041,4/28/20,ABLA,AB18_20,54.31,56.75,24.76,32.08,9
PR__ABLA.043_00657,PR__ABLA.043,4/28/20,ABLA,AB19_20,6.59,8.64,0.12,6.41,7
PR__ABLA.043_01642,PR__ABLA.043,4/28/20,ABLA,AB19_20,16.48,18.5,18.58,24.23,7
PR__ABLA.043_02633,PR__ABLA.043,4/28/20,ABLA,AB19_20,26.28,28.15,18.7,26.22,7
PR__ABLA.043_03444,PR__ABLA.043,4/28/20,ABLA,AB19_20,34.43,36.42,28.99,33.36,7
